"","Date","Open","High","Low","Last","Change","Settle","Volume","Open Interest"
"1",2016-12-14,356.75,357,353.5,355,4.5,351.75,524,446
"2",2016-12-13,355.25,359,353.5,356.75,1.75,356.25,1367,1508
"3",2016-12-12,352.25,355,349.75,354.25,2,354.5,1998,3172
"4",2016-12-09,349,352.5,344.5,351.5,6,352.5,1723,4375
"5",2016-12-08,350.25,352.75,344.25,348,4,346.5,1914,5135
"6",2016-12-07,350.25,351,347.25,350.75,0.5,350.5,2348,6480
"7",2016-12-06,348.25,354,348.25,350.25,1.5,351,2465,7837
"8",2016-12-05,337.5,350,337.5,348.25,12,349.5,3841,8813
"9",2016-12-02,332.75,338,332.75,337.5,5.75,337.5,7342,11913
"10",2016-12-01,337,338.25,331,332,5,331.75,8482,17582
"11",2016-11-30,337.25,341.75,336,336.25,NA,336.75,31074,29407
"12",2016-11-29,348,348.25,335.5,335.5,11.75,336.75,176021,87798
"13",2016-11-28,349.25,353,346.75,348,0.75,348.5,178026,142305
"14",2016-11-25,349.75,350.75,348.5,349,1.5,349.25,146522,216484
"15",2016-11-23,350.25,351,346.5,350,0.25,350.75,152562,246018
"16",2016-11-22,349.5,351.75,346,350,1.25,351,161989,292011
"17",2016-11-21,345.25,350,344.75,349,4.25,349.75,142810,325758
"18",2016-11-18,342,346.75,340.5,345.75,3.5,345.5,151473,353095
"19",2016-11-17,339,343.5,338.25,342,3.5,342,169591,377474
"20",2016-11-16,341.5,343.5,338.5,339.25,3,338.5,125827,393843
"21",2016-11-15,337,342.25,335.75,341.5,4.25,341.5,173657,412870
"22",2016-11-14,340.5,341,335.5,337,3,337.25,165800,429829
"23",2016-11-11,343.25,345,339,340.5,3.25,340.25,185910,451487
"24",2016-11-10,341.5,346.5,340.25,343,2.75,343.5,242274,478619
"25",2016-11-09,353,355,340.5,341.25,13.5,340.75,298670,497003
"26",2016-11-08,346,356.5,345,353,8,354.25,317148,539348
"27",2016-11-07,348,349.5,345,346,2.5,346.25,173850,564542
"28",2016-11-04,348,349.75,345.5,347.5,0.75,348.75,108935,573811
"29",2016-11-03,346.25,348.75,345,348,1.75,348,123458,585827
"30",2016-11-02,348.75,350.5,344.25,346.5,2.75,346.25,202995,606214
"31",2016-11-01,354.75,354.75,347.25,348.75,5.75,349,199043,619522
"32",2016-10-31,355,358,352.25,354.25,0.25,354.75,153915,624401
"33",2016-10-28,357.5,358.25,354.25,355,2.5,355,109665,629919
"34",2016-10-27,353.75,358.5,352.25,357,3.5,357.5,182647,638427
"35",2016-10-26,349.25,355.75,349,354,4.75,354,153884,643632
"36",2016-10-25,348.25,352.25,347.25,349.5,1,349.25,111220,651954
"37",2016-10-24,351.5,354.5,346.25,347.75,4.25,348.25,141504,655662
"38",2016-10-21,351.25,354.25,350.5,351.75,1.5,352.5,104711,666779
"39",2016-10-20,357.5,359.25,349.25,351.75,6.5,351,160824,668464
"40",2016-10-19,353.5,358,351,357.5,3.75,357.5,153689,670356
"41",2016-10-18,354.25,357.5,351.5,354,0.25,353.75,130050,676813
"42",2016-10-17,353,357.75,350.25,354,0.25,354,136378,680363
"43",2016-10-14,349.5,358.75,348.75,353,4.75,354.25,260828,694659
"44",2016-10-13,337.5,349.75,337.25,349,12.5,349.5,205775,704092
"45",2016-10-12,345,348.5,336.5,337.5,8.5,337,202555,702054
"46",2016-10-11,343,347,341,345,2.25,345.5,137172,706401
"47",2016-10-10,339.5,344.25,339.25,342.75,3.5,343.25,102108,710397
"48",2016-10-07,340.75,344.75,339.5,339.5,0.75,339.75,163334,722211
"49",2016-10-06,347.25,347.75,338.5,340.5,7.25,340.5,169206,728584
"50",2016-10-05,347.75,349.25,345.25,347,0.5,347.75,129279,742274
"51",2016-10-04,345,349,343.5,347.75,2.25,348.25,143473,755148
"52",2016-10-03,336.25,347.75,335.25,345.5,9.25,346,218596,758152
"53",2016-09-30,329,337.5,325,336,7.5,336.75,243769,756985
"54",2016-09-29,329.75,333.5,328,329,NA,329.25,106191,755019
"55",2016-09-28,331.75,332.5,328.75,329.25,2.5,329.25,96550,755157
"56",2016-09-27,329.25,332.5,327.25,331.25,2.75,331.75,137152,762249
"57",2016-09-26,334,336.5,328.5,329,7.5,329,147822,759893
"58",2016-09-23,336,338.5,333.75,335.75,0.25,336.5,138018,758174
"59",2016-09-22,339.25,341.5,334.75,336.25,3.25,336.75,112766,754124
"60",2016-09-21,339,341,338,339.75,0.5,340,91916,760102
"61",2016-09-20,336,342.25,335,340,3.25,340.5,116501,763735
"62",2016-09-19,337.25,340,332.25,336.5,0.25,337.25,128816,754439
"63",2016-09-16,329,338.25,327.5,336,7,337,149706,755609
"64",2016-09-15,331.5,334.75,327.5,329,1.75,330,121819,745315
"65",2016-09-14,330,332.25,326.5,331.5,1.75,331.75,120337,752307
"66",2016-09-13,339.25,341.5,329.5,330,9.5,330,157119,757695
"67",2016-09-12,340.5,343.25,335.5,339.5,1.5,339.5,184506,767513
"68",2016-09-09,338,342,334.5,340.25,2.5,341,136813,787018
"69",2016-09-08,333.5,338.75,332.5,338,5.25,338.5,138421,793190
"70",2016-09-07,327.5,334,326.25,333,4.75,333.25,140238,799681
"71",2016-09-06,327.75,329.5,323.25,327.5,NA,328.5,138040,811827
"72",2016-09-02,323.75,329.75,323.5,327,4.75,328.5,150759,810066
"73",2016-09-01,315.5,325,315,322.75,8.25,323.75,185684,806735
"74",2016-08-31,315.75,319.5,314.75,315.25,0.25,315.5,185380,791854
"75",2016-08-30,320.75,322,315.5,315.5,5,315.75,250998,781746
"76",2016-08-29,325,327.25,320,321,4.25,320.75,229264,771791
"77",2016-08-26,332,334,324.5,325.25,7,325,182175,766690
"78",2016-08-25,336,337.75,331.25,332,4.25,332,161656,761488
"79",2016-08-24,337,339.5,334.5,336,1,336.25,136900,754527
"80",2016-08-23,342,342.25,335.25,337,5.25,337.25,149386,742997
"81",2016-08-22,343.25,344,340,342.5,1.25,342.5,115894,739947
"82",2016-08-19,342.25,344.25,340,343.75,1.75,343.75,141192,738340
"83",2016-08-18,339.5,343,336.25,343.25,2.25,342,122939,727261
"84",2016-08-17,337,340,336,339.5,2.5,339.75,136366,719226
"85",2016-08-16,337,339.25,334.25,337,0.25,337.25,125995,709736
"86",2016-08-15,332,339.25,331.5,336.75,4,337,140574,704400
"87",2016-08-12,331.5,333.75,322.5,333,1.25,333,285978,687618
"88",2016-08-11,333,334.25,331,331,1.25,331.75,138057,670168
"89",2016-08-10,332.25,336,331.5,333,0.5,333,162198,647236
"90",2016-08-09,334.75,336.25,331.75,332.25,2.25,332.5,158123,625199
"91",2016-08-08,334.25,336.5,331.5,334.75,0.5,334.75,179385,591097
"92",2016-08-05,330.5,335,330,334,3.25,334.25,176237,568149
"93",2016-08-04,335,336.5,330.75,331,4,331,127932,561752
"94",2016-08-03,333.75,338.5,332.25,334.75,1,335,124209,564983
"95",2016-08-02,333.75,336.5,329,333.5,0.25,334,167927,562726
"96",2016-08-01,340.75,342.25,334,334,8.5,334.25,124751,554104
"97",2016-07-29,338.75,343.25,336,342,4,342.75,127267,547467
"98",2016-07-28,343,346,336.75,340,4.25,338.75,121467,540985
"99",2016-07-27,339.5,345.25,338.75,342,3.5,343,115057,542300
"100",2016-07-26,340.25,343.5,337.75,339.5,1.75,339.5,121937,536011
"101",2016-07-25,341.5,345,336.75,341.25,0.5,341.25,129764,532349
"102",2016-07-22,340.75,343.25,333.25,343.25,1,341.75,156926,534067
"103",2016-07-21,344.25,348.5,339.25,340.75,3.5,340.75,149988,537033
"104",2016-07-20,351,353.5,341.5,344.25,4.25,344.25,170437,536845
"105",2016-07-19,362.5,362.75,348.25,350,14.75,348.5,134044,531053
"106",2016-07-18,357.5,363.75,354.25,363.25,5,363.25,119162,537860
"107",2016-07-15,363.25,368,350,358.25,6.5,358.25,151519,536939
"108",2016-07-14,369,380,362.75,364,5,364.75,191998,527719
"109",2016-07-13,361.25,375.5,359.75,370,9.5,369.75,188617,520049
"110",2016-07-12,356.25,362.75,350,359.75,4.75,360.25,188089,516390
"111",2016-07-11,367,368,351.25,356,7,355.5,172205,499213
"112",2016-07-08,349.5,363,349,363,14,362.5,166681,488083
"113",2016-07-07,349.75,360.5,347.5,349.75,0.25,348.5,177253,481956
"114",2016-07-06,357.5,359.25,346,349,9.75,348.25,173971,482153
"115",2016-07-05,360,363,348,359,9,358,193648,485565
"116",2016-07-01,373.25,375,365.75,367.25,4.25,367,164916,489556
"117",2016-06-30,385.5,387.75,365.25,373,11.75,371.25,308508,481538
"118",2016-06-29,395,396.25,382.5,384.5,11.25,383,163667,491272
"119",2016-06-28,391.75,406.75,391,395,NA,394.25,140479,490855
"120",2016-06-27,394,401.75,392.25,394.75,NA,394.25,142804,483210
"121",2016-06-24,398,400.5,382.5,394,3.5,394.25,190724,488824
"122",2016-06-23,402.75,403.5,395.25,398.25,6.25,397.75,143634,485505
"123",2016-06-22,408.25,413,403,401,4.75,404,141707,495960
"124",2016-06-21,432.75,435,408.75,409.75,25,408.75,219867,487955
"125",2016-06-20,446.25,446.5,433,433,15,433.75,152134,482183
"126",2016-06-17,435,449,433.5,448,13,448.75,140463,459503
"127",2016-06-16,436,441,431.25,435,3.75,435.75,134772,451073
"128",2016-06-15,445.25,448.5,438.75,435,7,439.5,126353,445227
"129",2016-06-14,439.5,447,432.75,445.75,6.5,446.5,138489,443294
"130",2016-06-13,437.25,446.75,435.75,440,9.25,440,187731,426117
"131",2016-06-10,433,442.75,426.75,429,2.75,430.75,137281,423078
"132",2016-06-09,434.25,435.75,428.75,431.75,3.5,433.5,121485,418186
"133",2016-06-08,432.25,444,431,434.5,3.75,437,175181,402334
"134",2016-06-07,428.75,433.5,426.5,432,3.25,433.25,123171,389192
"135",2016-06-06,421,430,421,428,10.25,430,133425,370264
"136",2016-06-03,415,420,413,419,3,419.75,100385,359479
"137",2016-06-02,416.25,419.75,414.75,415,0.5,416.75,114012,354948
"138",2016-06-01,408,416.75,404.75,415,7.75,416.25,81700,345746
"139",2016-05-31,412.75,415,407.75,408,5,408.5,94079,351492
"140",2016-05-27,409,414,407.75,411.5,3.75,413.5,75102,347576
"141",2016-05-26,407.75,411,403.75,409.5,1.25,409.75,120282,350778
"142",2016-05-25,401.5,408.75,401,406.25,5.75,408.5,77201,347649
"143",2016-05-24,402.5,407.25,400,401.5,NA,402.75,70713,344146
"144",2016-05-23,399,404.25,396,401.25,3,402.75,74264,341265
"145",2016-05-20,397.25,403,395.75,399,2.5,399.75,88500,340257
"146",2016-05-19,403.75,403.75,391.75,396,8.75,397.25,84200,335966
"147",2016-05-18,404,406.75,400.75,405,2.25,406,82425,330472
"148",2016-05-17,398.75,404.75,397.75,403.5,3.75,403.75,79518,323053
"149",2016-05-16,397.5,400.5,394,399,1.75,400,63608,320414
"150",2016-05-13,395.25,398.5,392.5,397.75,2,398.25,66405,317667
"151",2016-05-12,385.5,396.5,385.5,395.25,10.75,396.25,88132,311091
"152",2016-05-11,387,389.75,382.25,386,2.25,385.5,58181,308334
"153",2016-05-10,377,392,375.25,386.25,10.75,387.75,105728,302174
"154",2016-05-09,384.75,387,376,377,7.75,377,49181,300425
"155",2016-05-06,381.5,386,381,383.5,3.25,384.75,43069,298876
"156",2016-05-05,384.25,387.25,380.25,381,3.5,381.5,62785,305809
"157",2016-05-04,387,389.25,384,384,2,385,57781,305296
"158",2016-05-03,396,398.5,384,386.5,9.5,387,78857,295743
"159",2016-05-02,393,396.75,388.5,394.5,1.25,396.5,43889,292928
"160",2016-04-29,393.5,397.25,390.75,395,0.75,395.25,40681,290641
"161",2016-04-28,389.5,397.75,387.25,394.75,4,394.5,90998,290013
"162",2016-04-27,394,395,387.5,389.75,4,390.5,63145,284963
"163",2016-04-26,387.25,395,385.75,394,6.75,394.5,63511,288769
"164",2016-04-25,380,393.25,377.75,387,6.75,387.75,76153,290932
"165",2016-04-22,392.75,393.25,380,380,12.5,381,84391,286225
"166",2016-04-21,401.75,409,392.5,391.25,9.25,393.5,130220,280630
"167",2016-04-20,396.5,404,394,402,6.25,402.75,113914,270932
"168",2016-04-19,389.5,397,389,396,6.25,396.5,97909,267249
"169",2016-04-18,385.25,392,385,389.75,2,390.25,75366,262194
"170",2016-04-15,384.5,389.75,383.25,387,2.75,388.25,61179,260878
"171",2016-04-14,383.25,386,382.25,384.5,1.5,385.5,66734,264407
"172",2016-04-13,374,384,373,384,9.75,384,110184,261340
"173",2016-04-12,368.5,374.75,368.25,373.5,5.5,374.25,98009,253380
"174",2016-04-11,374.25,374.75,368,370,6.25,368.75,69638,242445
"175",2016-04-08,373.5,375.25,371.5,374.5,0.75,375,41779,240517
"176",2016-04-07,371,374.5,371,373.5,2.75,374.25,42573,238218
"177",2016-04-06,371,372.25,369,371.5,0.5,371.5,33237,235269
"178",2016-04-05,369,371.25,367.25,371,2,371,46619,227265
"179",2016-04-04,369.5,369.75,366.75,369,0.75,369,36422,220998
"180",2016-04-01,368.75,370.5,364,369.75,1,369.75,78634,206983
"181",2016-03-31,383.5,384,364.75,368.75,15.25,368.75,123638,194019
"182",2016-03-30,388.75,390,383.5,383,5.5,384,37596,190437
"183",2016-03-29,387,389.5,386,389,2,389.5,31254,191281
"184",2016-03-28,386.75,389,384.5,386.75,0.25,387.5,25852,190781
"185",2016-03-24,385.75,387.5,384.25,387,1.25,387.25,22759,190426
"186",2016-03-23,387.25,388,383.25,386,1.75,386,31243,187735
"187",2016-03-22,387.5,389.75,386.75,387.5,NA,387.75,18632,187083
"188",2016-03-21,385.5,388,384.25,387,2.25,387.75,16201,189286
"189",2016-03-18,386.75,387.75,384.5,385.25,1.75,385.5,12124,191036
"190",2016-03-17,386.25,390,384.5,386.25,0.75,387.25,39288,190246
"191",2016-03-16,386.75,387,384.75,385.75,0.75,386.5,16724,188642
"192",2016-03-15,386,387.5,384.75,387,0.25,387.25,14371,186382
"193",2016-03-14,383,387.5,383,385,4.25,387,31913,183124
"194",2016-03-11,381,383.25,380.25,382.25,1.75,382.75,21146,180084
"195",2016-03-10,379,381.5,377.5,380,1.75,381,35709,184495
"196",2016-03-09,379.75,381,377.25,378.75,1.25,379.25,18413,182708
"197",2016-03-08,378.75,382.25,376.75,380.25,1,380.5,25692,180897
"198",2016-03-07,381,381.5,378.5,377,1.5,379.5,20020,179770
"199",2016-03-04,375.75,379.75,375.5,378,2.5,378,21277,180685
"200",2016-03-03,374.25,376.5,373.75,376.25,1,375.5,25848,178914
"201",2016-03-02,374,375.75,373.25,374.25,0.75,374.5,16322,178031
"202",2016-03-01,376,376.75,373.75,374.25,2,373.75,22620,175102
"203",2016-02-29,378.75,379.75,375.75,376,2.5,375.75,21127,172787
"204",2016-02-26,380,380.25,377,378.25,1.5,378.25,21059,170988
"205",2016-02-25,383.25,385.25,379.5,379.75,4,379.75,22606,170192
"206",2016-02-24,386,386.25,382.75,383.25,2.25,383.75,16282,169332
"207",2016-02-23,389.5,389.75,385.5,385.75,4.25,386,22937,169141
"208",2016-02-22,386.75,390.75,386.75,389,3.75,390.25,18475,167137
"209",2016-02-19,386.5,387.75,386,387,NA,386.5,15049,167001
"210",2016-02-18,389,389.75,386.5,386.75,2.5,386.5,19899,167659
"211",2016-02-17,385.5,389,384.5,388,3.25,389,18165,167267
"212",2016-02-16,382.75,386,382.5,384,4,385.75,16852,167568
"213",2016-02-12,383,384.75,381.5,381.5,1,381.75,15691,166352
"214",2016-02-11,383.5,385.5,381.25,383.5,0.75,382.75,17193,165948
"215",2016-02-10,384,384.5,382.25,383.75,0.5,383.5,13376,165326
"216",2016-02-09,385,386.25,382.75,384,1.5,384,22496,163113
"217",2016-02-08,389,389.75,384.5,385.75,3.75,385.5,15936,160660
"218",2016-02-05,391.25,392,389,389,2,389.25,17931,161360
"219",2016-02-04,392.75,395,390.5,391,1.75,391.25,14098,160759
"220",2016-02-03,393.25,394.75,392.25,392,1,393,18784,160196
"221",2016-02-02,392,394.25,390.25,393.5,2,394,22985,158857
"222",2016-02-01,392,392.75,389.25,393,1.25,392,10811,158087
"223",2016-01-29,387.25,393.75,387,391.75,5.75,393.25,15680,156706
"224",2016-01-28,390,391,387,387,3,387.5,11072,156676
"225",2016-01-27,390.5,392.75,389,390.25,1,390.5,18768,155964
"226",2016-01-26,391.75,394,389.75,390.75,1,391.5,17811,153421
"227",2016-01-25,391.25,393.75,388.75,392.5,0.5,392.5,16270,152170
"228",2016-01-22,388.75,393,388.75,391.75,2.75,392,16540,152203
"229",2016-01-21,390,392.5,387.5,388.75,1.25,389.25,20149,150853
"230",2016-01-20,388.75,391.5,387.5,390,1,390.5,19937,151012
"231",2016-01-19,386,391,385.5,389,4.25,389.5,22681,150991
"232",2016-01-15,382,385.5,380.25,385.25,3.25,385.25,13926,149792
"233",2016-01-14,382.5,384,380.75,382,1,382,15500,148922
"234",2016-01-13,382,385.25,381,382.75,0.25,383,17658,149851
"235",2016-01-12,378.5,389.25,376,380,4.25,382.75,26342,150713
"236",2016-01-11,383,383.25,376.25,378.5,4.5,378.5,15649,150179
"237",2016-01-08,378.5,383.25,378.25,382.5,4.25,383,12012,149853
"238",2016-01-07,378,379.25,374.5,378.5,0.5,378.75,14320,148710
"239",2016-01-06,378.5,379.5,375,378.25,0.5,378.25,13847,147868
"240",2016-01-05,378.25,380.5,377,378,0.75,377.75,6316,147221
"241",2016-01-04,384,384,376.25,378,6,377,20057,142295
"242",2015-12-31,383,384.25,381.75,382.5,0.25,383,6697,141468
"243",2015-12-30,386.75,387.5,382.75,383.5,3.5,383.25,5143,140900
"244",2015-12-29,385.75,387.25,382,386.75,1,386.75,10473,138553
"245",2015-12-28,388.5,389.5,385,386,3.25,385.75,5138,137966
"246",2015-12-24,389.5,390.25,388.25,389,1,389,2592,138331
"247",2015-12-23,390.75,392,389.25,389.75,0.5,390,6947,137959
"248",2015-12-22,395,397,390,390,4.5,390.5,12603,138115
"249",2015-12-21,396.75,399.5,393,395,2,395,7582,137674
"250",2015-12-18,396.5,401.5,395,397,0.5,397,20960,136825
"251",2015-12-17,391.5,397.25,385.75,396.5,5.25,396.5,27220,133686
"252",2015-12-16,397,397.75,390.25,391.5,6.5,391.25,14405,131559
"253",2015-12-15,398,399.25,396.25,398,1.25,397.75,7908,130036
"254",2015-12-14,395.75,400,395,398,3,399,7292,129296
"255",2015-12-11,399,400,395.5,396,3.25,396,10267,128683
"256",2015-12-10,395.25,400.5,394,399,3.75,399.25,9455,127725
"257",2015-12-09,395.5,400.5,393,396,NA,395.5,10056,126854
"258",2015-12-08,NA,NA,NA,NA,NA,395.5,1032,126012
"259",2015-12-07,402.5,403.5,395.25,395.5,7.75,395.5,9592,126812
"260",2015-12-04,399.25,403.5,399,403,3.75,403.25,11114,126515
"261",2015-12-03,392.75,400.5,391,399,6.25,399.5,9151,125721
"262",2015-12-02,395.5,395.5,391.75,393.25,2.5,393.25,10189,125207
"263",2015-12-01,395,397.25,393.25,396.25,1,395.75,7387,123745
"264",2015-11-30,389.5,396.75,389.25,394.75,4.5,394.75,8324,123134
"265",2015-11-27,393.5,394,389.75,390,4.25,390.25,7672,122746
"266",2015-11-25,392,395,391.75,393.75,2.75,394.5,7706,123281
"267",2015-11-24,394,394.5,391.25,392,2.75,391.75,8501,122511
"268",2015-11-23,390.75,394.75,388.75,394.25,3.25,394.5,8943,122927
"269",2015-11-20,391.25,393.5,390.25,391.75,0.5,391.25,6933,121537
"270",2015-11-19,389,392.25,388,392.25,2.25,391.75,7648,122136
"271",2015-11-18,390,391.5,387.25,389.75,0.5,389.5,11043,120984
"272",2015-11-17,389.5,391.25,387.5,389.5,0.5,390,7536,121044
"273",2015-11-16,387.75,391,387.5,389.25,1.75,389.5,10630,118578
"274",2015-11-13,391.25,392,387.25,387.75,4,387.75,6647,116879
"275",2015-11-12,390.5,391.75,388,391,0.5,391.75,8244,112440
"276",2015-11-11,391.5,392.75,389.25,391,0.75,391.25,12724,110915
"277",2015-11-10,395.25,395.75,387,390.5,4.5,390.5,23577,108771
"278",2015-11-09,400.5,403,395,395.5,6.5,395,10956,108593
"279",2015-11-06,401.75,402.75,398,401.25,0.75,401.5,13128,106925
"280",2015-11-05,405.5,405.5,401.25,402.25,4,402.25,17108,102266
"281",2015-11-04,404.75,409,402.5,406,0.5,406.25,10871,101956
"282",2015-11-03,402,406.75,401.5,405,3.75,405.75,9266,98869
"283",2015-11-02,407.25,407.75,402,402.5,6,402,5568,96434
"284",2015-10-30,406.25,409.25,405.25,408.25,1.5,408,7350,95472
"285",2015-10-29,402.25,406.75,401.75,406.25,4.5,406.5,11374,91910
"286",2015-10-28,405.75,406,401.75,402,3.75,402,7642,91441
"287",2015-10-27,407.75,411.5,404.75,405.75,2.25,405.75,16420,93468
"288",2015-10-26,403,408.5,401.25,407,5,408,6611,92970
"289",2015-10-23,401.5,403.25,399.5,403,0.75,403,9991,91378
"290",2015-10-22,403.75,406.25,401.5,402,1.75,402.25,5118,89758
"291",2015-10-21,403,404.25,400,403.5,0.75,404,11537,88527
"292",2015-10-20,400.5,404.5,400,403,2.25,403.25,7423,88195
"293",2015-10-19,404.5,404.75,400.5,401,3.5,401,6571,87349
"294",2015-10-16,403.5,405.5,401,404.5,0.75,404.5,8519,86964
"295",2015-10-15,406.25,407,403,404,2.5,403.75,8912,88100
"296",2015-10-14,410,412,405.25,406,3.75,406.25,13188,84716
"297",2015-10-13,406.5,410.25,405,410,3.5,410,11676,85098
"298",2015-10-12,406.5,408.75,405.25,406.75,1.25,406.5,9735,84834
"299",2015-10-09,412.5,415,406.5,407.25,5,407.75,21496,82912
"300",2015-10-08,416.25,417.75,412.25,413,4.75,412.75,12648,83815
"301",2015-10-07,418.5,420,415,417,1.75,417.5,7706,82801
"302",2015-10-06,413.5,419,413.25,418.5,4.75,419.25,10651,73649
"303",2015-10-05,410,415,410,415,4.5,414.5,6311,73700
"304",2015-10-02,410,411.75,406.25,410.5,0.75,410,7969,73243
"305",2015-10-01,410.5,415.25,408.5,410.5,0.25,410.75,8629,74135
"306",2015-09-30,409.75,415,405,411.75,1.25,411,14603,73782
"307",2015-09-29,409,410.75,407,410.25,1,409.75,4919,73341
"308",2015-09-28,410.25,413.75,406,407.5,2.25,408.75,3863,73951
"309",2015-09-25,404.5,411,403.75,410.5,6.5,411,9944,74360
"310",2015-09-24,407,407.25,403.5,404.75,2.75,404.5,4399,73786
"311",2015-09-23,404,408.5,403.5,407.25,2.5,407.25,7713,73278
"312",2015-09-22,409,409,402.5,403.75,4.75,404.75,7563,73373
"313",2015-09-21,402.25,410,401.5,408.75,6.75,409.5,6874,72709
"314",2015-09-18,403,405.25,400.5,402.25,NA,402.75,9705,74583
"315",2015-09-17,407.25,407.75,402.25,403,5.5,402.75,5199,74468
"316",2015-09-16,410.75,411,405,407.75,2.75,408.25,7036,73394
"317",2015-09-15,413.5,415,410.25,410.75,3.25,411,7182,73508
"318",2015-09-14,408.75,414.25,408.25,413,4.5,414.25,7178,73369
"319",2015-09-11,398,410,388,408,11.75,409.75,16351,71520
"320",2015-09-10,393.5,398.5,392,397.25,3.5,398,5197,71380
"321",2015-09-09,391.75,396.75,391,393.5,1.25,394.5,4910,71007
"322",2015-09-08,389.75,393.25,389,393,5,393.25,5658,70620
"323",2015-09-04,388.5,391.25,387,387.75,0.25,388.25,5896,70419
"324",2015-09-03,391.75,393,387.5,388.5,3.75,388,7518,71196
"325",2015-09-02,393.25,395,389.25,390.75,1.5,391.75,7471,71952
"326",2015-09-01,398,399.25,392,392.5,6.25,393.25,7366,71674
"327",2015-08-31,398,401.25,395.75,399,0.5,399.5,5023,70331
"328",2015-08-28,399,403.5,398,398.25,0.25,399,4825,69436
"329",2015-08-27,396.5,401,396,398.5,3.75,399.25,6775,68809
"330",2015-08-26,397,400.25,394.5,395.5,1.5,395.5,5410,68717
"331",2015-08-25,401.75,407.25,395.5,397.75,4.25,397,7665,68170
"332",2015-08-24,400.25,404.25,390,404,1,401.25,7470,67758
"333",2015-08-21,403.25,404.75,398.5,399.5,2.75,400.25,5323,66854
"334",2015-08-20,399,404,399,403,4.75,403,3955,66364
"335",2015-08-19,399.25,403.75,397.5,398,1.25,398.25,5872,66301
"336",2015-08-18,400,401.5,396.25,399,0.75,399.5,4676,66891
"337",2015-08-17,397.75,402,396.75,399.25,NA,398.75,4086,66597
"338",2015-08-14,399.25,401.25,396,399,0.5,398.75,5772,66594
"339",2015-08-13,390.25,400,388,399.25,9.5,399.25,10222,66115
"340",2015-08-12,400.75,406,377,390.75,9.25,389.75,18125,65140
"341",2015-08-11,409.75,409.75,398.25,400,11.5,399,4990,64928
"342",2015-08-10,400,411.5,400,410,11.5,410.5,12886,66293
"343",2015-08-07,395,400.5,394.75,399,2.5,399,5210,66223
"344",2015-08-06,398.75,400.25,395.5,395.5,2.25,396.5,6585,64770
"345",2015-08-05,396,399.5,394.5,398.75,3.25,398.75,6379,63655
"346",2015-08-04,393.5,397.75,393,395.5,3.5,395.5,8033,62963
"347",2015-08-03,393.5,395,389.5,393,3.25,392,5980,61764
"348",2015-07-31,398,400,393.75,395,2.5,395.25,5621,61226
"349",2015-07-30,392.75,398,390,397,5,397.75,8981,59945
"350",2015-07-29,399.75,399.75,391.5,392.25,5,392.75,7057,59507
"351",2015-07-28,396.5,398.75,392.75,398.5,1.75,397.75,8499,60842
"352",2015-07-27,407,407,395.5,396,13,396,11199,61170
"353",2015-07-24,414.75,416,408,408,7.75,409,6135,59890
"354",2015-07-23,415.75,419,413.75,416.25,0.25,416.75,7189,56603
"355",2015-07-22,420.25,420.25,413.25,416.75,3,417,5000,54945
"356",2015-07-21,420,423,417,420,0.75,420,3495,54842
"357",2015-07-20,425,426.5,418,420,10,419.25,6676,52241
"358",2015-07-17,432.75,434.25,426.75,428.75,5,429.25,7140,50163
"359",2015-07-16,437,443,433.25,434.25,2.5,434.25,7606,48541
"360",2015-07-15,436,440.25,432.25,437.5,NA,436.75,5800,46629
"361",2015-07-14,445,446.5,436,437,9.25,436.75,5830,45287
"362",2015-07-13,440.25,446.75,438.5,445,5.5,446,3551,44269
"363",2015-07-10,439,445,435.25,440,1,440.5,7795,42943
"364",2015-07-09,435,442,435,438.25,4,439.5,4467,41963
"365",2015-07-08,433.5,437.75,431.25,435,1.25,435.5,3854,41764
"366",2015-07-07,433.25,438.75,430.5,433,4,434.25,6015,39682
"367",2015-07-06,433,439.75,430,NA,1.25,438.25,5643,38501
"368",2015-07-02,431.75,438,430.25,NA,4,437,5748,38063
"369",2015-07-01,430.25,434.75,426.5,NA,2.25,433,9627,37831
"370",2015-06-30,415,434,413.75,431.5,15.5,430.75,15399,35918
"371",2015-06-29,416.5,422.25,414.25,NA,2.25,415.25,9154,35814
"372",2015-06-26,416,426.25,415.5,419,1.5,417.5,11347,36944
"373",2015-06-25,406.75,416.5,404.5,415.5,9,416,5912,35490
"374",2015-06-24,407,411,404.75,407,1,407,3256,34659
"375",2015-06-23,404,408.5,402,NA,4.25,408,3758,33691
"376",2015-06-22,397.75,404.5,395.5,NA,6,403.75,2311,33161
"377",2015-06-19,400.5,400.5,395.25,NA,3.75,397.75,1167,33027
"378",2015-06-18,402.75,403.75,401,NA,1.25,401.5,1855,32474
"379",2015-06-17,398.25,403.75,398.25,NA,4.75,402.75,2340,32166
"380",2015-06-16,394,398.5,392.5,NA,4.5,398,2904,31751
"381",2015-06-15,397.5,397.5,392.25,NA,4,393.5,4080,29765
"382",2015-06-12,400.25,401.25,395.75,397.5,3.25,397.5,1501,29391
"383",2015-06-11,401.5,403.25,397.5,NA,0.25,400.75,2284,28987
"384",2015-06-10,407,407.75,399.5,NA,6.25,401,2190,28562
"385",2015-06-09,405.75,409,404,NA,NA,407.25,1894,28600
"386",2015-06-08,403.5,407.5,403.25,NA,5,407.25,1318,28205
"387",2015-06-05,403.5,406.75,401,NA,2.25,402.25,1405,28081
"388",2015-06-04,400,405,399.75,NA,3.75,404.5,1233,27798
"389",2015-06-03,398.5,402.75,397.75,NA,2.25,400.75,1520,27621
"390",2015-06-02,393,399.5,393,NA,5.75,398.5,1578,27409
"391",2015-06-01,391,394,389.5,NA,NA,392.75,2280,26531
"392",2015-05-29,396,397.75,391,NA,2.5,392.75,1053,26363
"393",2015-05-28,392,395.25,389.75,NA,4,395.25,3146,26529
"394",2015-05-27,396.25,397.25,390.75,NA,5.25,391.25,1995,26267
"395",2015-05-26,400,402.5,395.25,NA,3.5,396.5,861,26171
"396",2015-05-22,402,403.75,399,NA,2.5,400,1300,25830
"397",2015-05-21,399,403.5,399,NA,3.75,402.5,966,25512
"398",2015-05-20,401,401.25,398.25,NA,2.25,398.75,1074,25126
"399",2015-05-19,404.75,405.25,400,401.5,4.75,401,1312,24509
"400",2015-05-18,403.75,408,403,NA,2,405.75,730,24316
"401",2015-05-15,405,408,400.5,NA,2.5,403.75,1126,24309
"402",2015-05-14,400,406.75,399.5,NA,5.5,406.25,1929,23596
"403",2015-05-13,398.25,401,396.75,NA,2,400.75,1632,23212
"404",2015-05-12,396.25,402,394.75,NA,1,398.75,2780,22470
"405",2015-05-11,400,400,395.75,NA,1.25,397.75,1500,21937
"406",2015-05-08,398.5,400,396,NA,0.75,399,875,22013
"407",2015-05-07,401,401,397.25,NA,3.5,398.25,912,21941
"408",2015-05-06,399,404.5,399,NA,2.75,401.75,1413,21526
"409",2015-05-05,400,400.5,395.25,NA,1.75,399,2234,21094
"410",2015-05-04,400.5,403,400.5,NA,1.5,400.75,1394,20706
"411",2015-05-01,403.75,404.5,400,NA,2,402.25,1294,20176
"412",2015-04-30,407.25,407.75,402,NA,2.75,404.25,673,19944
"413",2015-04-29,402.75,407.25,401.25,NA,4.25,407,1318,19622
"414",2015-04-28,403.25,404.5,401,NA,0.5,402.75,765,19670
"415",2015-04-27,405.5,406.5,402.5,NA,3,403.25,681,19562
"416",2015-04-24,411,411,405.5,NA,5.75,406.25,394,19546
"417",2015-04-23,413.25,417.75,411.75,NA,1.75,412,631,19397
"418",2015-04-22,414.25,415.25,412.5,NA,1.25,413.75,433,19348
"419",2015-04-21,417.75,417.75,413.75,NA,3,415,594,19311
"420",2015-04-20,419.75,420,415.75,NA,0.75,418,770,19475
"421",2015-04-17,416.5,419.25,415.5,NA,2.25,418.75,300,19404
"422",2015-04-16,416.25,418.5,413.75,NA,0.25,416.5,849,18994
"423",2015-04-15,414.25,419.25,413.25,NA,0.5,416.75,1409,18477
"424",2015-04-14,414.5,417.5,414,NA,2.25,416.25,905,18359
"425",2015-04-13,417.25,417.5,413.5,NA,5,414,1184,17922
"426",2015-04-10,418.5,420.5,416.5,NA,0.25,419,735,17626
"427",2015-04-09,418.5,420,415.25,415.75,0.25,418.75,1162,17299
"428",2015-04-08,420,422,415,NA,0.5,418.5,1197,16588
"429",2015-04-07,420,422.25,418.5,NA,1.25,419,546,16378
"430",2015-04-06,424,424,419,NA,0.5,420.25,604,16272
"431",2015-04-02,417.25,422.5,416,419.75,3,420.75,2037,15095
"432",2015-04-01,413.5,418,411.5,NA,6.5,417.75,2997,13457
"433",2015-03-31,422.75,426,411,NA,13.5,411.25,1943,13131
"434",2015-03-30,422,424.75,422,NA,2.75,424.75,615,12933
"435",2015-03-27,421.5,423.25,421,NA,NA,422,805,12569
"436",2015-03-26,424.75,427.25,421.25,NA,3.5,422,822,12299
"437",2015-03-25,425,426.25,423.75,NA,0.25,425.5,538,12170
"438",2015-03-24,423,426,423,NA,1.5,425.75,1022,12223
"439",2015-03-23,422,426.25,421.5,NA,2.5,424.25,581,12052
"440",2015-03-20,413.25,423.5,413,NA,8.5,421.75,553,11937
"441",2015-03-19,415,418,409.75,NA,0.75,413.25,994,11471
"442",2015-03-18,410,412.5,407,NA,3,412.5,992,10955
"443",2015-03-17,415.25,415.75,409,NA,5.75,409.5,691,10655
"444",2015-03-16,415.25,417,411.25,NA,0.5,415.25,742,10208
"445",2015-03-13,421,421.75,415.75,NA,4.5,415.75,538,9979
"446",2015-03-12,421.75,423,419,NA,2.5,420.25,234,9892
"447",2015-03-11,420.5,425.5,420.5,NA,1.5,422.75,147,9858
"448",2015-03-10,420,422.25,417.5,NA,1,421.5,275,9873
"449",2015-03-09,419.5,423,419.5,NA,1.5,420.5,106,9849
"450",2015-03-06,421.5,421.5,417.5,NA,3.5,419.25,140,9814
"451",2015-03-05,421.25,424.75,421.25,NA,NA,422.5,298,9764
"452",2015-03-04,424.75,424.75,420.5,NA,2,422.5,68,9763
"453",2015-03-03,422.5,426,420.5,NA,1.5,425,139,9679
"454",2015-03-02,426,426.75,421.75,NA,3,423.25,197,9710
"455",2015-02-27,424.75,428,421.5,424,2.5,426.75,320,9571
"456",2015-02-26,422,424.75,421.5,NA,3.5,424,424,9644
"457",2015-02-25,420.25,421.25,416.75,NA,1,420.25,533,9612
"458",2015-02-24,423.75,427.25,420.75,NA,0.5,421.25,300,9617
"459",2015-02-23,422.25,425,419.75,NA,3,421.5,419,9496
"460",2015-02-20,426,426,424,NA,2,425,602,9431
"461",2015-02-19,424.75,427.75,421.5,NA,4.5,427,490,9275
"462",2015-02-18,427,427.25,422.25,NA,4.5,422.75,301,9132
"463",2015-02-17,426,429.5,424.25,NA,2.5,427,561,8918
"464",2015-02-13,421,425.25,421,NA,2.5,424.25,177,8850
"465",2015-02-12,422,423.5,421,NA,0,422,135,8875
"466",2015-02-11,425.75,427.75,421.75,NA,3.5,422.5,108,8896
"467",2015-02-10,425.75,426.75,423,NA,1.5,425.75,197,8882
"468",2015-02-09,425,427.75,422,NA,4,427.5,326,8868
"469",2015-02-06,425,425.25,418,NA,0.5,423,102,8831
"470",2015-02-05,425,425.25,420.75,NA,1,422.75,355,8851
"471",2015-02-04,425,425,418.5,NA,1.5,423.75,271,8778
"472",2015-02-03,413.25,426.5,413.25,NA,13,425,409,8584
"473",2015-02-02,412.75,418,411,NA,2,411.5,223,8476
"474",2015-01-30,411.75,414,408.5,NA,1,413.5,786,8075
"475",2015-01-29,412.5,412.5,409,NA,NA,412.5,318,7913
"476",2015-01-28,416.75,417.25,412.5,NA,5,412.5,198,7883
"477",2015-01-27,417.75,420.25,417.5,NA,1,418,358,7750
"478",2015-01-26,423,423,419,NA,4,419,91,7705
"479",2015-01-23,420,422.75,419.75,NA,3.5,423,59,7700
"480",2015-01-22,419.25,422,415,NA,1.5,419.75,467,7601
"481",2015-01-21,420,420.75,417.25,NA,2,418.5,276,7475
"482",2015-01-20,417.75,421.5,415.5,NA,0,421,221,7343
"483",2015-01-16,416,421,415,NA,6.5,420.5,81,7310
"484",2015-01-15,415,420,413.25,NA,0,414.25,426,7276
"485",2015-01-14,417.5,417.5,410,NA,1,414.75,411,7265
"486",2015-01-13,426,429.75,415.75,NA,9.5,415.75,392,7199
"487",2015-01-12,423,428,415.25,NA,2.5,425.5,565,7172
"488",2015-01-09,418,425,418,NA,4.5,423.25,250,7125
"489",2015-01-08,420,421.5,417,NA,0.5,418.5,102,7151
"490",2015-01-07,426.75,427.75,419.5,NA,7,419.25,85,7142
"491",2015-01-06,425.25,429.5,423.5,NA,0.5,426.75,256,7047
"492",2015-01-05,423,427.25,423,NA,8,426.5,204,6973
"493",2015-01-02,420,422.5,416.5,NA,2.5,418.5,194,6860
"494",2014-12-31,427.75,429.5,420.5,NA,8,420.75,213,6880
"495",2014-12-30,433,433.5,429.5,NA,5,428.75,61,6862
"496",2014-12-29,433,434.75,430.75,NA,0.5,433.75,109,6886
"497",2014-12-26,430.75,434.5,427.25,NA,3.5,434.5,75,6865
"498",2014-12-24,432.75,434.75,428,NA,3,430.75,33,6855
"499",2014-12-23,432.5,434.75,432.5,434.5,1.5,434.25,67,6838
"500",2014-12-22,432,433.5,430,NA,0.5,433,149,6790
"501",2014-12-19,430,434,427.25,NA,3,432.75,311,6915
"502",2014-12-18,429,431.75,428.25,NA,1,429.75,276,6869
"503",2014-12-17,429.25,432,427.5,NA,1.5,428.75,230,6875
"504",2014-12-16,432.75,436,429,NA,4.5,430,427,6858
"505",2014-12-15,435,438.75,432,NA,0.5,434.75,229,6809
"506",2014-12-12,429,435,429,NA,4.5,435,467,6732
"507",2014-12-11,429.5,432,425.5,NA,1.5,430.25,205,6662
"508",2014-12-10,429.5,430.25,424.25,427,1.5,428.5,78,6644
"509",2014-12-09,428,430,422.75,429,5,430.25,74,6667
"510",2014-12-08,427.75,432,423,NA,4.5,424.75,125,6655
"511",2014-12-05,422.5,430,421.75,NA,4.5,429,81,6630
"512",2014-12-04,419.75,427,419.5,NA,4,424.75,100,6634
"513",2014-12-03,418,420.5,415.5,NA,2.5,420.25,85,6599
"514",2014-12-02,423,425.25,418,NA,6,418,72,6583
"515",2014-12-01,419.25,425.25,418,NA,0.5,424.5,20,6567
"516",2014-11-28,425.25,428,418.5,NA,3.5,423.75,200,6598
"517",2014-11-26,425,428.25,423.75,NA,4,427.5,58,6586
"518",2014-11-25,418,424,418,NA,5,423.5,98,6567
"519",2014-11-24,419,421,417,NA,2,418.5,120,6543
"520",2014-11-21,421.75,427,419,NA,0.25,421,108,6540
"521",2014-11-20,413.75,421.5,413.5,NA,7.25,420.75,172,6515
"522",2014-11-19,418,418.75,413,413,6,413.5,366,6476
"523",2014-11-18,421.25,421.5,418,NA,3.75,419.5,158,6449
"524",2014-11-17,425.75,425.75,419.25,NA,0.75,423.25,275,6380
"525",2014-11-14,429.25,430,423.5,NA,5.75,424,344,6161
"526",2014-11-13,425,432,425,NA,4.25,429.75,141,6161
"527",2014-11-12,425,430,424.25,NA,0.25,425.5,365,6154
"528",2014-11-11,421.75,426,419.25,NA,3.75,425.75,147,6038
"529",2014-11-10,419.5,425,418,NA,1,422,382,5942
"530",2014-11-07,421.5,422.75,418.75,NA,2,421,143,5967
"531",2014-11-06,417.5,423.5,417.5,NA,3.5,423,310,5839
"532",2014-11-05,415,420,412.5,NA,3.75,419.5,560,5786
"533",2014-11-04,418.75,418.75,415,NA,4.25,415.75,132,5751
"534",2014-11-03,420.5,421,417.5,NA,1.75,420,165,5738
"535",2014-10-31,420,422,418,NA,1.25,421.75,285,5604
"536",2014-10-30,420,421.5,414.75,NA,1,420.5,252,5566
"537",2014-10-29,419.5,420.5,416,NA,2,419.5,459,5462
"538",2014-10-28,418,421.25,414.5,NA,0.25,417.5,459,5314
"539",2014-10-27,410,418.25,409,NA,5.75,417.75,358,5244
"540",2014-10-24,416,417.25,410.75,NA,4.5,412,188,5159
"541",2014-10-23,414.25,417.25,414.25,NA,5,416.5,109,5106
"542",2014-10-22,415.75,418.75,411,NA,4.5,411.5,323,5035
"543",2014-10-21,410.25,417.25,409.5,NA,6.25,416,94,5013
"544",2014-10-20,407,410,405,NA,1.25,409.75,81,4972
"545",2014-10-17,412,413.5,407,NA,3.75,408.5,118,4919
"546",2014-10-16,408.25,412.5,406.5,NA,4.5,412.25,174,4947
"547",2014-10-15,419.75,420,407.25,407.5,14.75,408,456,4950
"548",2014-10-14,407,430.25,404,NA,15,422.75,673,4633
"549",2014-10-13,399.5,409,398.75,NA,9,407.75,287,4586
"550",2014-10-10,405.5,407,397.5,NA,7.75,398.75,330,4477
"551",2014-10-09,406,409,404.5,NA,0.25,406.5,392,4373
"552",2014-10-08,407,407,403.5,NA,0.25,406.75,214,4336
"553",2014-10-07,401,409.75,400.25,NA,4.5,406.5,363,4207
"554",2014-10-06,394,401.75,394,NA,6.5,402,178,4177
"555",2014-10-03,395,397,393.5,NA,0.75,395.5,202,4046
"556",2014-10-02,392.5,395,392,NA,1.5,394.75,40,4040
"557",2014-10-01,391.25,394.25,390,NA,1,393.25,148,4014
"558",2014-09-30,394.25,395,391.75,NA,2.75,392.25,75,3989
"559",2014-09-29,393.5,395,393,NA,2.25,395,51,3975
"560",2014-09-26,396.75,396.75,392.5,NA,4,392.75,172,3893
"561",2014-09-25,398,398.5,395.5,NA,1.75,396.75,111,3841
"562",2014-09-24,395,398.25,395,NA,2.25,398.5,58,3825
"563",2014-09-23,398,398.25,394.5,NA,2,396.25,176,3857
"564",2014-09-22,397,398,393.25,NA,1,398.25,357,3707
"565",2014-09-19,401.25,401.25,397.25,NA,4.75,397.25,254,3517
"566",2014-09-18,400.5,403.5,400.5,NA,1.75,402,74,3492
"567",2014-09-17,404,404,402,NA,0.5,403.75,194,3392
"568",2014-09-16,404.5,408.5,402,NA,0.25,404.25,100,3360
"569",2014-09-15,400,404.5,399.5,NA,1.75,404.5,171,3325
"570",2014-09-12,403,404.25,401.75,NA,NA,402.75,114,3315
"571",2014-09-11,402,403.25,399,NA,0.25,402.75,226,3223
"572",2014-09-10,401.75,404,401,NA,1,403,118,3165
"573",2014-09-09,400,402.5,400,NA,2.5,402,89,3151
"574",2014-09-08,410,413.5,403.5,NA,7.5,404.5,70,3126
"575",2014-09-05,405.25,412.5,405,NA,7.5,412,138,3083
"576",2014-09-04,408,408,402,NA,3,404.5,128,3008
"577",2014-09-03,413.25,413.25,407.5,NA,7,407.5,275,2829
"578",2014-09-02,415,416.25,413.75,NA,0.5,414.5,30,2821
"579",2014-08-29,417,417.25,413,NA,3.75,414,113,2814
"580",2014-08-28,417,419,416.75,NA,1.5,417.75,130,2820
"581",2014-08-27,416,416.5,414.25,NA,0.75,416.25,83,2809
"582",2014-08-26,420.75,420.75,414,NA,2.5,417,56,2804
"583",2014-08-25,418.5,420,415.25,NA,1.5,419.5,70,2806
"584",2014-08-22,415.75,422.25,415.75,NA,2,421,51,2797
"585",2014-08-21,420,422.5,418.75,NA,NA,419,30,2790
"586",2014-08-20,419.5,420,417.75,NA,4.75,419,52,2767
"587",2014-08-19,420,424,418.5,NA,NA,423.75,15,2767
"588",2014-08-18,427,430,422.75,NA,4,423.75,62,2763
"589",2014-08-15,425,430,423.75,NA,2,427.75,63,2749
"590",2014-08-14,421,426,421,NA,3,425.75,63,2739
"591",2014-08-13,422.5,423,419,NA,0.5,422.75,37,2742
"592",2014-08-12,421,422.75,415,NA,0.5,422.25,111,2699
"593",2014-08-11,418,422.5,418,NA,3,422.75,107,2671
"594",2014-08-08,416,422,415.25,NA,0.75,419.75,143,2738
"595",2014-08-07,418.25,420.75,416.5,NA,1,420.5,79,2766
"596",2014-08-06,420,422,416.75,NA,2,421.5,83,2722
"597",2014-08-05,415,416.75,415,NA,1.75,419.5,64,2701
"598",2014-08-04,417,420,416.25,NA,5.5,421.25,143,2657
"599",2014-08-01,416,416,415.5,NA,2.5,415.75,48,2669
"600",2014-07-31,418.75,420.5,418.25,NA,2.5,418.25,42,2644
"601",2014-07-30,418,421.25,418,NA,0.5,420.75,40,2617
"602",2014-07-29,416.25,420,415,NA,1.5,420.25,48,2610
"603",2014-07-28,419,421.25,418,NA,NA,418.75,90,2557
"604",2014-07-25,417.75,418.75,414,NA,1,418.75,75,2520
"605",2014-07-24,421,421,414.75,NA,3.5,417.75,137,2426
"606",2014-07-23,420,421.75,418,NA,2.5,421.25,222,2325
"607",2014-07-22,423.5,424.25,418,NA,5.5,418.75,155,2215
"608",2014-07-21,426,426,419.75,NA,5.75,424.25,168,2214
"609",2014-07-18,433,433,429,NA,8.25,430,9,2208
"610",2014-07-17,435,440,434.75,NA,2,438.25,99,2204
"611",2014-07-16,436,440,435.5,NA,1.25,436.25,61,2168
"612",2014-07-15,434,435.5,430.75,NA,2.5,435,88,2111
"613",2014-07-14,429.75,437.5,428.75,NA,3.5,437.5,51,2083
"614",2014-07-11,436,438,431,NA,1.75,434,113,2009
"615",2014-07-10,441,443.25,436.75,NA,6.75,435.75,70,1991
"616",2014-07-09,445.75,445.75,439.75,NA,5.25,442.5,39,1964
"617",2014-07-08,449,449.75,447,NA,0.75,447.75,53,1934
"618",2014-07-07,450,451.75,444.75,NA,7,448.5,99,1861
"619",2014-07-03,455,457,455,NA,NA,455.5,19,1855
"620",2014-07-02,453.25,453.25,453.25,NA,3.75,455.5,1,1855
"621",2014-07-01,458.5,459,454.25,NA,1,459.25,51,1825
"622",2014-06-30,465,468,462,NA,9,460.25,229,1861
"623",2014-06-27,466.75,468.25,466.25,NA,3.5,469.25,36,1855
"624",2014-06-26,467.75,467.75,467.75,NA,1,465.75,6,1857
"625",2014-06-25,464,464.75,464,NA,2.25,464.75,152,1840
"626",2014-06-24,461.75,462.75,459.25,NA,0.75,462.5,137,1834
"627",2014-06-23,462.25,462.25,462,NA,6.25,461.75,26,1835
"628",2014-06-20,468,468,468,NA,2,468,14,1831
"629",2014-06-19,463,466,463,NA,5.25,466,11,1833
"630",2014-06-18,462.75,462.75,459.75,NA,0.75,460.75,62,1820
"631",2014-06-17,457.5,461.5,457.5,NA,0.75,460,23,1812
"632",2014-06-16,460.25,460.5,460.25,NA,4.75,460.75,9,1810
"633",2014-06-13,460.5,465,460.25,NA,5,465.5,38,1787
"634",2014-06-12,457.25,460.75,457.25,NA,1,460.5,20,1777
"635",2014-06-11,462.75,463.5,462.75,NA,0.75,459.5,7,1782
"636",2014-06-10,461,463,459.75,NA,1.25,460.25,46,1778
"637",2014-06-09,459,461.75,456,NA,1.5,461.5,38,1767
"638",2014-06-06,460,463,458.25,NA,0.75,463,63,1752
"639",2014-06-05,464.5,464.5,462,NA,4,462.25,2,1752
"640",2014-06-04,466.75,466.75,464.75,NA,0.75,466.25,31,1748
"641",2014-06-03,463.75,464.5,463.75,NA,0.75,465.5,24,1750
"642",2014-06-02,461.75,465.5,461.75,NA,2,466.25,12,1753
"643",2014-05-30,468.5,468.5,464.25,NA,4.75,464.25,75,1728
"644",2014-05-29,469.75,469.75,468.25,NA,5.25,469,17,1742
"645",2014-05-28,471.25,474.25,471.25,NA,3.75,474.25,8,1738
"646",2014-05-27,474.5,474.5,471.5,NA,8.25,470.5,6,1736
"647",2014-05-23,477.25,479.5,477.25,NA,3,478.75,20,1733
"648",2014-05-22,478,480,475,NA,1.25,475.75,18,1737
"649",2014-05-21,477,477.25,476,NA,0.25,477,24,1725
"650",2014-05-20,481.5,481.5,476.75,NA,3.25,477.25,30,1722
"651",2014-05-19,477,482.75,477,NA,1,480.5,33,1730
"652",2014-05-16,477,479.25,476.25,NA,0.5,479.5,16,1719
"653",2014-05-15,483,483,477.25,NA,4.25,479,15,1714
"654",2014-05-14,482.25,482.25,481.5,NA,1,483.25,32,1733
"655",2014-05-13,482,482.25,482,NA,4.5,484.25,3,1732
"656",2014-05-12,481,483,480,NA,2,479.75,35,1719
"657",2014-05-09,486,487.5,481,NA,6,481.75,13,1715
"658",2014-05-08,490,490,487,NA,2.5,487.75,21,1700
"659",2014-05-07,487,489,486.25,NA,1.75,490.25,10,1696
"660",2014-05-06,484,488,484,NA,5.25,488.5,4,1696
"661",2014-05-05,482,484,482,NA,3.75,483.25,7,1694
"662",2014-05-02,481.75,481.75,476.75,NA,4,479.5,6,1690
"663",2014-05-01,486,486.5,482,NA,3.5,483.5,22,1680
"664",2014-04-30,484.25,487.25,483.75,NA,0.25,487,13,1681
"665",2014-04-29,485,486.5,484,NA,2,487.25,65,1645
"666",2014-04-28,487,487,483.25,NA,1.5,484.75,57,1604
"667",2014-04-25,485.75,487,479.25,NA,1,486.5,29,1591
"668",2014-04-24,486,488.75,486,NA,0.5,485.5,11,1587
"669",2014-04-23,481.5,485.25,480.5,NA,5,486.25,44,1563
"670",2014-04-22,480.25,480.25,476,NA,5,480.75,18,1561
"671",2014-04-21,479.5,479.5,475,NA,5.5,475.25,4,1559
"672",2014-04-17,479.25,479.75,479,NA,0.5,480.5,18,1550
"673",2014-04-16,479.75,479.75,479.25,NA,2,480.75,3,1549
"674",2014-04-15,483,483,477,NA,1.5,483.25,11,1548
"675",2014-04-14,0,482.75,0,NA,2.5,485,0,1548
"676",2014-04-11,483.5,483.5,483.5,NA,3,482.25,4,1549
"677",2014-04-10,481.75,485,480,NA,2,485.75,18,1540
"678",2014-04-09,488,490,484.25,NA,2,487.75,33,1534
"679",2014-04-08,485,489.25,484.75,NA,1,489.75,22,1534
"680",2014-04-07,486.25,488.5,486.25,NA,2,488.75,49,1537
"681",2014-04-04,479,485,479,NA,6,486.25,54,1501
"682",2014-04-03,479.5,479.5,478,NA,2.5,480.25,31,1500
"683",2014-04-02,480,482,479,NA,3.5,477.5,3,1499
"684",2014-04-01,473.5,484,473.5,NA,12,481.25,255,1420
"685",2014-03-31,464.75,470.5,463,NA,4,468.75,32,1434
"686",2014-03-28,465.5,465.5,465,NA,1,464.75,2,1434
"687",2014-03-27,465.75,465.75,465.75,NA,1,465.75,1,1433
"688",2014-03-26,464,464,464,NA,1.5,464.75,5,1432
"689",2014-03-25,0,0,0,NA,1,466,1,1432
"690",2014-03-24,465.25,467.75,465.25,NA,4.5,467.5,2,1431
"691",2014-03-21,462,464,457,NA,2,463.25,26,1419
"692",2014-03-20,468,468,464,NA,4,465.75,8,1415
"693",2014-03-19,0,0,0,NA,1,469.75,2,1415
"694",2014-03-18,468.5,468.5,468.5,NA,3,470.75,1,1414
"695",2014-03-17,0,0,472,NA,5,467.25,2,1414
"696",2014-03-14,472,472.75,472,NA,2.5,472.75,6,1415
"697",2014-03-13,471,471,471,NA,2.5,470,1,1414
"698",2014-03-12,471.5,473.5,471,NA,1.5,472.75,10,1411
"699",2014-03-11,469,470,469,NA,2,471.5,4,1410
"700",2014-03-10,469.5,470,468,NA,1,469,33,1409
"701",2014-03-07,469,470,468,NA,1.5,470.5,50,1384
"702",2014-03-06,464.5,469.5,464.5,NA,2.5,469.25,4,1383
"703",2014-03-05,465,468.5,465,NA,NA,466.5,21,1381
"704",2014-03-04,463,466,463,NA,4.5,465.75,92,1333
"705",2014-03-03,465,465,460,NA,3.5,461,31,1322
"706",2014-02-28,461,464,461,NA,5.5,464.75,3,1321
"707",2014-02-27,462.75,462.75,460,NA,5.5,459.5,2,1322
"708",2014-02-26,464,464.5,463.75,NA,0,464.75,7,1317
"709",2014-02-25,462.75,464,462,NA,1,464.25,21,1308
"710",2014-02-24,462,462,458,NA,1.5,462.75,29,1299
"711",2014-02-21,463.5,463.5,462,NA,3,461,14,1301
"712",2014-02-20,462,464.75,458.75,NA,1,464.5,18,1288
"713",2014-02-19,460,462,460,NA,2.5,463,10,1284
"714",2014-02-18,458.5,463.25,458.5,NA,2.5,460.75,49,1259
"715",2014-02-14,457,457,456.5,NA,NA,458.5,5,1258
"716",2014-02-13,455,456.25,455,NA,NA,457,15,1251
"717",2014-02-12,456,456,454,NA,NA,454.75,3,1249
"718",2014-02-11,457,457,455,NA,NA,454.75,3,1250
"719",2014-02-10,456,460,454,NA,NA,454.75,25,1233
"720",2014-02-07,457,457,455.5,NA,NA,455.75,8,1230
"721",2014-02-06,457,457,457,NA,NA,456.25,27,1226
"722",2014-02-05,459.75,459.75,449.25,NA,NA,452,29,1229
"723",2014-02-04,460,460,459,NA,NA,459,26,1215
"724",2014-02-03,457,459,457,NA,NA,457.5,5,1214
"725",2014-01-31,456.25,456.25,456.25,NA,NA,456,1,1215
"726",2014-01-30,456.5,456.5,456,NA,NA,456.25,7,1215
"727",2014-01-29,457.5,457.5,455.5,NA,NA,455,10,1212
"728",2014-01-28,0,0,460,NA,NA,458.5,0,1212
"729",2014-01-27,459.5,460,459.5,NA,NA,460.75,10,1210
"730",2014-01-24,459.75,459.75,458.5,NA,NA,458.25,4,1208
"731",2014-01-23,459.5,459.5,458.25,NA,NA,459,2,1207
"732",2014-01-22,0,0,0,NA,NA,459.25,0,1207
"733",2014-01-21,457,458,456,NA,NA,459.5,38,1180
"734",2014-01-17,0,0,0,NA,NA,458.25,1,1181
"735",2014-01-16,459,461,458.75,NA,NA,461.5,7,1176
"736",2014-01-15,461.5,461.5,461.5,NA,NA,461,10,1166
"737",2014-01-14,464,465.5,459.25,NA,NA,464,23,1149
"738",2014-01-13,464,464,458.5,NA,NA,463.75,122,1109
"739",2014-01-10,452,463.75,449,NA,NA,463.5,144,1033
"740",2014-01-09,460,460,451.25,NA,NA,454,40,1002
"741",2014-01-08,463,466.25,458,NA,NA,458.25,35,981
"742",2014-01-07,468.5,468.5,465.5,NA,NA,466,17,971
"743",2014-01-06,468,468,466,NA,NA,468.5,37,948
"744",2014-01-03,464,468,460.5,NA,NA,467.5,46,908
"745",2014-01-02,465,465,459,NA,NA,462,58,861
"746",2013-12-31,462.5,462.5,461.5,NA,NA,462.5,6,861
"747",2013-12-30,465,465,462.25,NA,NA,463.75,54,844
"748",2013-12-27,467,467,464.5,NA,NA,466.5,18,827
"749",2013-12-26,470,470,466.75,NA,NA,467,3,828
"750",2013-12-24,0,0,0,NA,NA,472.75,0,828
"751",2013-12-23,473,473,473,NA,NA,473.25,1,827
"752",2013-12-20,470,477,468,NA,NA,475.75,25,810
"753",2013-12-19,466.5,470,466.5,NA,NA,469.75,6,806
"754",2013-12-18,466,466,466,NA,NA,470,2,805
"755",2013-12-17,470,470,470,NA,NA,470.25,5,805
"756",2013-12-16,470,470,469.25,NA,NA,468.5,5,803
"757",2013-12-13,470,470,468.75,NA,NA,469.5,30,811
"758",2013-12-12,472.25,472.5,468,NA,NA,471.5,33,805
"759",2013-12-11,475,475,474.75,NA,NA,477,21,795
"760",2013-12-10,473,473,469,NA,NA,474.25,21,782
"761",2013-12-09,470.75,472.75,470.25,NA,NA,473,21,767
"762",2013-12-06,467.5,469,467.25,NA,NA,471.5,3,764
"763",2013-12-05,0,0,0,NA,NA,470.75,2,764
"764",2013-12-04,472,475,472,NA,NA,472.25,14,756
"765",2013-12-03,467,470,467,NA,NA,470.75,7,750
"766",2013-12-02,465.25,468.25,465,NA,NA,468.25,10,742
"767",2013-11-29,0,0,0,NA,NA,467,0,742
"768",2013-11-27,0,0,0,NA,NA,465,0,742
"769",2013-11-26,0,0,0,NA,NA,463.5,2,741
"770",2013-11-25,463.25,465.5,463.25,NA,NA,465.75,9,735
"771",2013-11-22,468,468,463,NA,NA,463.25,38,704
"772",2013-11-21,468,468,468,NA,NA,467.5,8,707
"773",2013-11-20,467,467,465,NA,NA,465.75,13,698
"774",2013-11-19,462.25,469,462.25,NA,NA,468,13,692
"775",2013-11-18,471,471,470,NA,NA,469,3,690
"776",2013-11-15,480.75,480.75,477.25,NA,NA,476.25,5,688
"777",2013-11-14,0,0,485,NA,NA,483.75,1,687
"778",2013-11-13,481.5,486,481.5,NA,NA,486.5,27,666
"779",2013-11-12,482.5,482.5,482.5,NA,NA,483,2,664
"780",2013-11-11,486,487,486,NA,NA,485.25,3,663
"781",2013-11-08,474,480.5,474,NA,NA,482.75,21,650
"782",2013-11-07,478,478,475,NA,NA,475.5,7,649
"783",2013-11-06,478.5,478.5,478.5,NA,NA,477.25,15,637
"784",2013-11-05,480.25,480.25,479.25,NA,NA,479.75,28,609
"785",2013-11-04,481.75,481.75,481.25,NA,NA,481.5,25,586
"786",2013-11-01,484,484,482,NA,NA,481.75,16,585
"787",2013-10-31,0,0,0,NA,NA,484,0,585
"788",2013-10-30,487,487,487,NA,NA,488,5,581
"789",2013-10-29,490,490,490,NA,NA,490.25,2,582
"790",2013-10-28,488,490,488,NA,NA,490.25,26,559
"791",2013-10-25,0,0,0,NA,NA,494.5,0,561
"792",2013-10-24,495.5,495.5,494,NA,NA,494,17,547
"793",2013-10-23,498.25,500,495.5,NA,NA,495.5,65,493
"794",2013-10-22,497.5,498.5,495.5,NA,NA,497.25,44,460
"795",2013-10-21,499.5,501,499.25,NA,NA,500.5,12,449
"796",2013-10-18,498.5,499,498.5,NA,NA,499.5,19,430
"797",2013-10-17,498,499,498,NA,NA,497.75,5,426
"798",2013-10-16,0,0,0,NA,NA,497.75,0,426
"799",2013-10-15,0,0,0,NA,NA,497.75,0,426
"800",2013-10-14,492.25,494,492,NA,NA,498.75,9,418
"801",2013-10-11,492.75,494,492.75,NA,NA,494,14,409
"802",2013-10-10,0,0,495.5,NA,NA,497.5,0,409
"803",2013-10-09,0,0,0,NA,NA,498.25,0,409
"804",2013-10-08,498.25,498.25,497.25,NA,NA,497.75,2,410
"805",2013-10-07,499.75,501,499.5,NA,NA,500.5,35,398
"806",2013-10-04,0,0,0,NA,NA,499.25,0,398
"807",2013-10-03,499,499.75,497,NA,NA,497.25,4,395
"808",2013-10-02,495,495,495,NA,NA,495,2,393
"809",2013-10-01,0,0,498,NA,NA,496.5,4,389
"810",2013-09-30,509.75,510,498.5,NA,NA,500.25,38,370
"811",2013-09-27,504.75,508,504.75,NA,NA,506,80,314
"812",2013-09-26,502,502,502,NA,NA,502,2,314
"813",2013-09-25,502,502,502,NA,NA,501.75,1,313
"814",2013-09-24,0,0,0,NA,NA,497,0,313
"815",2013-09-23,0,0,0,NA,NA,500.5,2,311
"816",2013-09-20,0,0,0,NA,NA,499.25,2,309
"817",2013-09-19,0,0,0,NA,NA,503.25,0,309
"818",2013-09-18,0,0,0,NA,NA,500.25,0,309
"819",2013-09-17,0,0,0,NA,NA,499,0,309
"820",2013-09-16,0,0,0,NA,NA,502,0,309
"821",2013-09-13,0,0,0,NA,NA,501.5,0,309
"822",2013-09-12,505,505,501.75,NA,NA,506,7,305
"823",2013-09-11,0,0,0,NA,NA,506,0,305
"824",2013-09-10,500,507.5,495,NA,NA,501,19,305
"825",2013-09-09,0,0,0,NA,NA,495.5,0,305
"826",2013-09-06,496.5,496.5,496.5,NA,NA,496.75,1,305
"827",2013-09-05,495,495,487.5,NA,NA,490.25,39,305
"828",2013-09-04,0,0,0,NA,NA,495.5,0,305
"829",2013-09-03,495.5,495.5,495.5,NA,NA,498.25,2,307
"830",2013-08-30,500,500,500,NA,NA,501.25,15,293
"831",2013-08-29,500,500,500,NA,NA,500,28,266
"832",2013-08-28,0,0,500,NA,NA,499.75,0,266
"833",2013-08-27,0,0,0,NA,NA,500.5,0,266
"834",2013-08-26,504.75,514,504.75,NA,NA,510.5,35,246
"835",2013-08-23,0,0,0,NA,NA,496.75,0,246
"836",2013-08-22,0,0,0,NA,NA,491,0,246
"837",2013-08-21,0,0,0,NA,NA,501.25,0,246
"838",2013-08-20,500.25,500.25,500,NA,NA,495,15,243
"839",2013-08-19,501.25,501.25,501.25,NA,NA,503.5,10,234
"840",2013-08-16,0,0,0,NA,NA,489,0,234
"841",2013-08-15,499,500,495,NA,NA,498,23,225
"842",2013-08-14,0,0,0,NA,NA,489,0,225
"843",2013-08-13,482,482,482,NA,NA,474.75,4,223
"844",2013-08-12,475,485.75,475,NA,NA,484.5,4,219
"845",2013-08-09,480,480,479.75,NA,NA,478.5,7,217
"846",2013-08-08,0,0,481,NA,NA,480.75,0,217
"847",2013-08-07,488,488,484.75,NA,NA,487.5,14,210
"848",2013-08-06,0,0,0,NA,NA,490,0,210
"849",2013-08-05,485,485,485,NA,NA,488.5,2,210
"850",2013-08-02,493.75,493.75,484.75,NA,NA,489,8,206
"851",2013-08-01,489.75,489.75,489.75,NA,NA,494,1,205
"852",2013-07-31,489.75,490,489.75,NA,NA,490.75,5,204
"853",2013-07-30,494.25,494.25,491,NA,NA,491.5,3,204
"854",2013-07-29,495,495,495,NA,NA,494.25,1,203
"855",2013-07-26,492.25,494,492,NA,NA,494,7,204
"856",2013-07-25,493.5,495,492,NA,NA,494.25,18,203
"857",2013-07-24,492.25,492.25,492,NA,NA,493.75,3,203
"858",2013-07-23,495.5,496,495,NA,NA,492.5,6,204
"859",2013-07-22,497,497.5,497,NA,NA,495.5,1,203
"860",2013-07-19,501.25,501.25,501.25,NA,NA,495.5,1,202
"861",2013-07-18,495,500,495,NA,NA,495.75,2,201
"862",2013-07-17,495,495.25,495,NA,NA,496.5,2,201
"863",2013-07-16,495,495,495,NA,NA,494.75,1,201
"864",2013-07-15,0,0,0,NA,NA,494,0,201
"865",2013-07-12,0,0,510,NA,NA,500.25,0,201
"866",2013-07-11,506,506,506,NA,NA,510.5,26,197
"867",2013-07-10,506,506,500.75,NA,NA,506.25,16,184
"868",2013-07-09,0,0,0,NA,NA,506.25,0,184
"869",2013-07-08,0,495.5,0,NA,NA,496.5,0,184
"870",2013-07-05,0,0,0,NA,NA,494.5,0,184
"871",2013-07-03,500,500,500,NA,NA,500.25,3,181
"872",2013-07-02,0,0,0,NA,NA,496,0,181
"873",2013-07-01,0,0,0,NA,NA,495.5,0,181
"874",2013-06-28,509.75,510,502.25,NA,NA,495,5,182
"875",2013-06-27,0,0,0,NA,NA,511,0,182
"876",2013-06-26,0,0,0,NA,NA,515.75,0,182
"877",2013-06-25,0,0,0,NA,NA,517,0,182
"878",2013-06-24,0,0,0,NA,NA,518.75,0,182
"879",2013-06-21,0,0,0,NA,NA,521,0,182
"880",2013-06-20,530,530,526,NA,NA,524.5,8,177
"881",2013-06-19,527,530,527,NA,NA,532.75,57,137
"882",2013-06-18,527,527.5,527,NA,NA,526,27,123
"883",2013-06-17,0,0,0,NA,NA,526,0,123
"884",2013-06-14,0,0,0,NA,NA,521.75,0,123
"885",2013-06-13,0,0,0,NA,NA,522.5,0,123
"886",2013-06-12,520,520.25,520,NA,NA,521,1,124
"887",2013-06-11,0,0,0,NA,NA,523,0,124
"888",2013-06-10,515,515,515,NA,NA,522,2,124
"889",2013-06-07,524.5,526.5,524.5,NA,NA,526.5,6,124
"890",2013-06-06,0,0,0,NA,NA,519.75,0,124
"891",2013-06-05,0,0,0,NA,NA,515,0,124
"892",2013-06-04,0,0,0,NA,NA,519,1,124
"893",2013-06-03,527,527,525.25,NA,NA,523.75,2,124
"894",2013-05-31,518,526.75,518,NA,NA,526.25,21,105
"895",2013-05-30,517,517,517,NA,NA,517.75,1,104
"896",2013-05-29,517.75,518,517.75,NA,NA,518,13,95
"897",2013-05-28,517,517.25,517,NA,NA,516.75,4,95
"898",2013-05-24,0,0,0,NA,NA,513,0,95
"899",2013-05-23,508,508,508,NA,NA,514.5,3,93
"900",2013-05-22,0,0,0,NA,NA,508,0,93
"901",2013-05-21,0,0,0,NA,NA,507.5,0,93
"902",2013-05-20,0,0,508,NA,NA,507.75,0,93
"903",2013-05-17,510,510,510,NA,NA,509,4,91
"904",2013-05-16,0,0,513.5,NA,NA,512.25,1,91
"905",2013-05-15,0,0,0,NA,NA,516.5,1,91
"906",2013-05-14,0,0,0,NA,NA,516.25,0,91
"907",2013-05-13,0,510,0,NA,NA,517.5,1,91
"908",2013-05-10,0,0,0,NA,NA,508,0,91
"909",2013-05-09,0,0,0,NA,NA,512.75,0,91
"910",2013-05-08,512,512,512,NA,NA,506.5,1,91
"911",2013-05-07,0,0,0,NA,NA,511,0,91
"912",2013-05-06,0,0,0,NA,NA,510.25,2,91
"913",2013-05-03,0,0,519,NA,NA,514.25,0,91
"914",2013-05-02,0,0,0,NA,NA,519.75,0,91
"915",2013-05-01,510,510,510,NA,NA,511.25,1,90
"916",2013-04-30,523,523,522.75,NA,NA,518.75,6,88
"917",2013-04-29,517.5,517.5,517.5,NA,NA,523,1,88
"918",2013-04-26,0,0,0,NA,NA,504,0,88
"919",2013-04-25,0,0,0,NA,NA,508.75,0,88
"920",2013-04-24,0,501,0,NA,NA,506.75,0,88
"921",2013-04-23,500.5,501.25,500.25,NA,NA,500.25,4,88
"922",2013-04-22,510.25,510.25,510.25,NA,NA,507,1,88
"923",2013-04-19,515,515,515,NA,NA,518,4,85
"924",2013-04-18,0,0,0,NA,NA,512.5,0,85
"925",2013-04-17,519,520,519,NA,NA,523,14,79
"926",2013-04-16,0,0,0,NA,NA,517.75,0,79
"927",2013-04-15,522.5,522.5,509.5,NA,NA,511,6,76
"928",2013-04-12,0,523,0,NA,NA,523.75,0,76
"929",2013-04-11,527,527,524.5,NA,NA,522.75,6,78
"930",2013-04-10,0,0,527,NA,NA,527,0,78
"931",2013-04-09,527,527,527,NA,NA,528.25,4,78
"932",2013-04-08,522,522.5,522,NA,NA,523.5,3,81
"933",2013-04-05,520,522,520,NA,NA,521.5,4,79
"934",2013-04-04,0,0,514,NA,NA,519.75,0,79
"935",2013-04-03,515,517,514,NA,NA,517.5,3,78
"936",2013-04-02,510,513.5,509.75,NA,NA,514.25,6,76
"937",2013-04-01,507.75,510,504.5,NA,NA,510.25,16,70
"938",2013-03-28,510.25,510.25,508.5,NA,NA,506.5,5,72
"939",2013-03-27,0,0,0,NA,NA,518.5,0,72
"940",2013-03-26,0,0,0,NA,NA,521.5,0,72
"941",2013-03-25,0,0,0,NA,NA,519.25,0,72
"942",2013-03-22,0,0,0,NA,NA,521,0,72
"943",2013-03-21,0,0,0,NA,NA,525.5,0,72
"944",2013-03-20,527,527,526.75,NA,NA,526.5,4,71
"945",2013-03-19,0,0,0,NA,NA,527,0,71
"946",2013-03-18,0,0,0,NA,NA,527,0,71
"947",2013-03-15,525,525,525,NA,NA,527.25,4,69
"948",2013-03-14,525,525,525,NA,NA,525.25,2,68
"949",2013-03-13,0,0,0,NA,NA,525.25,0,68
"950",2013-03-12,0,0,0,NA,NA,527,0,68
"951",2013-03-11,528.25,530,528.25,NA,NA,529.25,2,67
"952",2013-03-08,0,0,0,NA,NA,520.5,0,67
"953",2013-03-07,516,516,516,NA,NA,519.75,29,46
"954",2013-03-06,520.5,520.5,516,NA,NA,515.5,2,47
"955",2013-03-05,0,521,0,NA,NA,523.5,0,47
"956",2013-03-04,0,0,0,NA,NA,520.5,0,47
"957",2013-03-01,0,0,0,NA,NA,521.75,0,47
"958",2013-02-28,526,526,526,NA,NA,526,5,43
"959",2013-02-27,0,0,0,NA,NA,521.25,0,43
"960",2013-02-26,0,0,0,NA,NA,523,0,43
"961",2013-02-25,0,0,0,NA,NA,519.75,0,43
"962",2013-02-22,0,0,0,NA,NA,518,0,43
"963",2013-02-21,525.75,525.75,525.5,NA,NA,525,2,42
"964",2013-02-20,0,0,0,NA,NA,533.5,0,42
"965",2013-02-19,537.25,537.25,537.25,NA,NA,531.75,1,42
"966",2013-02-15,536.75,536.75,536.75,NA,NA,538,1,42
"967",2013-02-14,0,0,540,NA,NA,538,0,42
"968",2013-02-13,539,539,539,NA,NA,540.25,3,39
"969",2013-02-12,540,540,539,NA,NA,538,3,39
"970",2013-02-11,542,542,540,NA,NA,540,7,34
"971",2013-02-08,0,0,0,NA,NA,542,0,34
"972",2013-02-07,544,544,540.25,NA,NA,542,7,29
"973",2013-02-06,549,549,542,NA,NA,549,2,29
"974",2013-02-05,0,0,0,NA,NA,548,0,29
"975",2013-02-04,550,550,550,NA,NA,548.5,3,26
"976",2013-02-01,540.5,550,540.5,NA,NA,548.75,14,17
"977",2013-01-31,0,0,0,NA,NA,538.25,0,17
"978",2013-01-30,542.5,542.5,539,NA,NA,539.5,3,15
"979",2013-01-29,0,0,0,NA,NA,539.5,0,15
"980",2013-01-28,0,0,0,NA,NA,542.5,0,15
"981",2013-01-25,0,0,0,NA,NA,541,0,15
"982",2013-01-24,0,0,0,NA,NA,543,0,15
"983",2013-01-23,0,0,0,NA,NA,543.5,0,15
"984",2013-01-22,0,0,0,NA,NA,543.5,0,15
"985",2013-01-18,0,0,0,NA,NA,543.5,0,15
"986",2013-01-17,0,0,0,NA,NA,542.5,0,15
"987",2013-01-16,0,0,0,NA,NA,543.5,0,15
"988",2013-01-15,0,0,0,NA,NA,543.5,0,15
"989",2013-01-14,0,0,0,NA,NA,542,0,15
"990",2013-01-11,536,536,535,NA,NA,536.25,3,15
"991",2013-01-10,533.5,535,533.5,NA,NA,543,2,13
"992",2013-01-09,540,540,540,NA,NA,544.5,1,12
"993",2013-01-08,0,0,0,NA,NA,542.5,0,12
"994",2013-01-07,546,546,545,NA,NA,545,4,8
"995",2013-01-04,546,546,546,NA,NA,545,1,7
"996",2013-01-03,0,0,0,NA,NA,547.5,0,7
"997",2013-01-02,551.5,551.5,551.5,NA,NA,549.5,1,6
"998",2012-12-31,550,550,550,NA,NA,553.75,1,5
"999",2012-12-28,0,0,0,NA,NA,555,0,5
"1000",2012-12-27,0,0,0,NA,NA,550.75,0,5
"1001",2012-12-26,0,0,0,NA,NA,547.5,0,5
"1002",2012-12-24,552,552,552,NA,NA,551.5,1,4
"1003",2012-12-21,552.75,552.75,550,NA,NA,551.5,1,3
"1004",2012-12-20,0,0,0,NA,NA,552.5,0,3
"1005",2012-12-19,553.25,553.25,549,NA,NA,557.25,2,1
"1006",2012-12-18,560,560,560,NA,NA,560,1,0
"1007",2012-12-17,0,0,0,NA,NA,568.25,0,0
"1008",2012-12-14,0,0,0,NA,NA,571.25,0,0
